{"stats":{"minecraft:used":{"minecraft:chest":4,"minecraft:spruce_planks":30,"minecraft:shield":24,"minecraft:iron_sword":81,"minecraft:cooked_salmon":12,"minecraft:cooked_chicken":2,"minecraft:torch":21,"minecraft:dirt":24,"minecraft:dark_oak_planks":6,"minecraft:wooden_axe":29,"minecraft:golden_carrot":2,"minecraft:bow":29,"minecraft:sweet_berries":31,"minecraft:furnace":12,"minecraft:water_bucket":3,"minecraft:stone_pickaxe":87,"minecraft:wooden_pickaxe":16,"minecraft:blue_bed":1,"minecraft:crafting_table":13,"waystones:waystone":1,"minecraft:bread":12,"minecraft:iron_pickaxe":63,"minecraft:spruce_sapling":1,"minecraft:stone_axe":123,"minecraft:cobblestone":1,"minecraft:purple_bed":2,"minecraft:bucket":5,"minecraft:pumpkin_pie":3,"minecraft:experience_bottle":1},"minecraft:crafted":{"minecraft:leather_boots":1,"orcz:orcteeth_armor_armor_boots":1,"minecraft:furnace":3,"minecraft:cooked_mutton":3,"minecraft:bow":1,"minecraft:leather":1,"minecraft:stone_pickaxe":1,"minecraft:dark_oak_planks":32,"minecraft:wheat":54,"minecraft:cooked_porkchop":16,"minecraft:crafting_table":9,"minecraft:spruce_planks":108,"minecraft:iron_helmet":1,"minecraft:wooden_pickaxe":1,"minecraft:iron_sword":1,"minecraft:cooked_salmon":12,"minecraft:leather_helmet":1,"minecraft:bucket":2,"minecraft:stone_axe":3,"minecraft:bread":26,"minecraft:air":0,"minecraft:iron_chestplate":1,"minecraft:golden_apple":2,"minecraft:shield":1,"minecraft:stick":36,"minecraft:iron_ingot":21,"minecraft:wooden_axe":1,"minecraft:iron_leggings":1,"minecraft:gold_ingot":15,"minecraft:torch":28},"minecraft:killed_by":{"minecraft:zombie_villager":1,"orcz:orcsavage_2sword":1},"minecraft:custom":{"minecraft:mob_kills":68,"minecraft:interact_with_crafting_table":25,"minecraft:open_barrel":2,"minecraft:interact_with_campfire":4,"minecraft:leave_game":5,"minecraft:time_since_death":46967,"minecraft:climb_one_cm":11609,"minecraft:sprint_one_cm":240955,"minecraft:walk_one_cm":267687,"minecraft:damage_blocked_by_shield":1020,"minecraft:drop":48,"minecraft:talked_to_villager":4,"minecraft:play_time":117375,"minecraft:sneak_time":432,"minecraft:deaths":2,"minecraft:walk_under_water_one_cm":27031,"minecraft:jump":874,"minecraft:walk_on_water_one_cm":68460,"minecraft:total_world_time":117375,"minecraft:interact_with_furnace":41,"minecraft:traded_with_villager":7,"minecraft:sleep_in_bed":5,"minecraft:waystone_activated":1,"minecraft:time_since_rest":10162,"minecraft:damage_taken":2648,"minecraft:damage_dealt":7848,"minecraft:swim_one_cm":59672,"minecraft:fly_one_cm":72463,"minecraft:crouch_one_cm":477,"minecraft:open_chest":67,"minecraft:fall_one_cm":9753},"minecraft:picked_up":{"minecraft:crafting_table":5,"minecraft:wheat":1,"minecraft:chicken":2,"minecraft:brown_mushroom":5,"minecraft:potion":1,"minecraft:gold_block":1,"minecraft:enchanted_book":1,"minecraft:string":12,"relics:leather_belt":1,"minecraft:item_frame":3,"minecraft:experience_bottle":1,"minecraft:gold_nugget":1,"minecraft:spruce_planks":34,"minecraft:chest":5,"minecraft:spruce_trapdoor":2,"minecraft:furnace":9,"minecraft:dark_oak_sapling":4,"minecraft:raw_iron":23,"quark:green_corundum_cluster":10,"minecraft:spruce_stairs":1,"minecraft:porkchop":9,"minecraft:white_dye":3,"orcz:orchorn":1,"minecraft:diorite":1,"minecraft:arrow":6,"minecraft:rotten_flesh":6,"minecraft:hay_block":6,"wandering_bags:wandering_bag":2,"wandering_bags:dagger_of_traitor":1,"minecraft:mutton":5,"minecraft:white_wool":5,"minecraft:cobblestone":43,"minecraft:cracked_deepslate_tiles":7,"minecraft:clock":1,"minecraft:feather":17,"orcz:orcteeth":21,"minecraft:golden_carrot":1,"wandering_bags:pillager_bag":1,"minecraft:salmon":14,"minecraft:leather":5,"minecraft:gunpowder":9,"minecraft:map":5,"minecraft:dirt":46,"minecraft:blue_bed":2,"minecraft:paper":5,"minecraft:lantern":2,"minecraft:cooked_mutton":2,"minecraft:bone":1,"minecraft:apple":3,"minecraft:stone_bricks":1,"minecraft:wheat_seeds":4,"minecraft:raw_gold":6,"minecraft:rabbit_hide":5,"minecraft:iron_ingot":5,"minecraft:cobweb":4,"minecraft:cooked_chicken":2,"wandering_bags:out_of_them_disc":1,"minecraft:book":2,"minecraft:tropical_fish_bucket":1,"minecraft:sweet_berries":32,"minecraft:spyglass":1,"minecraft:amethyst_shard":11,"orcz:orcamanita":1,"minecraft:spruce_sapling":5,"minecraft:ink_sac":6,"minecraft:spruce_log":37,"quark:green_corundum":1,"minecraft:barrel":4,"minecraft:leather_helmet":1,"minecraft:bundle":1,"minecraft:purple_bed":3,"minecraft:diamond":7,"waystones:waystone":2,"minecraft:blue_ice":14,"minecraft:granite":1,"minecraft:emerald":1,"orcz:ironscrap":13,"minecraft:oak_sapling":1,"minecraft:coal":49},"minecraft:dropped":{"minecraft:iron_ingot":2,"quark:green_corundum_cluster":5,"minecraft:brown_mushroom":5,"minecraft:clock":1,"minecraft:dark_oak_sapling":4,"minecraft:cobblestone":9,"minecraft:leather":3,"minecraft:apple":3,"minecraft:granite":1,"minecraft:leather_helmet":2,"minecraft:dirt":22,"wandering_bags:dagger_of_traitor":2,"minecraft:diorite":1,"minecraft:yellow_dye":3,"minecraft:cracked_deepslate_tiles":7,"minecraft:map":5,"minecraft:jungle_sapling":4,"gravestone:obituary":2,"minecraft:string":2,"minecraft:white_wool":5,"minecraft:spruce_sapling":4,"minecraft:tropical_fish_bucket":1,"minecraft:spyglass":1,"minecraft:rotten_flesh":6,"orcz:orcamanita":1,"wandering_bags:spice_from_elsewhere":3,"minecraft:gunpowder":2,"orcz:orcteeth":2,"minecraft:spruce_planks":43,"quark:green_corundum":1,"minecraft:blue_ice":20,"minecraft:oak_sapling":1,"wandering_bags:out_of_them_disc":1,"minecraft:white_dye":3,"minecraft:wooden_pickaxe":1,"waystones:waystone":1,"orcz:orchorn":1},"minecraft:killed":{"castle_and_hustle:bone_breaker":1,"orcz:goblinshield":3,"castle_and_hustle:dagger":1,"minecraft:spider":1,"minecraft:vindicator":2,"minecraft:skeleton":3,"orcz:goblinsavagebomb":1,"minecraft:chicken":2,"realmrpg_demons:chort":1,"orcz:orcsavagemace":2,"minecraft:pig":4,"minecraft:zombie_villager":1,"minecraft:salmon":15,"orcz:goblinsavagemace":1,"orcz:goblinwerid":1,"minecraft:wandering_trader":2,"minecraft:creeper":1,"minecraft:sheep":3,"royalvariations:royal_zombie":2,"minecraft:trader_llama":1,"minecraft:pillager":4,"minecraft:zombie":6,"orcz:bigorcboss":1,"orcz:snot":3,"orcz:orcsavage_2sword":2,"orcz:goblin_2sword":2,"orcz:orcshield":2},"minecraft:mined":{"minecraft:diamond_ore":2,"minecraft:spruce_planks":6,"orcz:orcamanita":10,"minecraft:deepslate_diamond_ore":2,"minecraft:spruce_trapdoor":2,"gravestone:gravestone":2,"minecraft:granite":1,"minecraft:grass_block":6,"quark:green_corundum_cluster":4,"minecraft:spruce_leaves":34,"minecraft:large_fern":15,"minecraft:hay_block":6,"minecraft:furnace":9,"minecraft:iron_ore":11,"minecraft:barrel":4,"orcz:orcshroom":5,"minecraft:deepslate_iron_ore":11,"minecraft:cobblestone_slab":1,"minecraft:lantern":2,"minecraft:stone":46,"minecraft:white_wool":2,"orcz:scrapblock":3,"minecraft:podzol":3,"minecraft:brown_mushroom":7,"minecraft:crafting_table":5,"minecraft:chest":5,"minecraft:dead_bush":1,"minecraft:cobblestone":2,"minecraft:deepslate_gold_ore":4,"minecraft:diorite":1,"minecraft:blue_bed":2,"minecraft:spruce_stairs":1,"minecraft:purple_bed":3,"minecraft:coarse_dirt":1,"minecraft:yellow_wool":1,"orcz:orcagaric":6,"minecraft:sweet_berry_bush":12,"minecraft:spruce_log":38,"quark:green_corundum":1,"minecraft:cracked_deepslate_tiles":7,"minecraft:grass":3,"orcz:blue_orcshroom":3,"minecraft:coal_ore":49,"minecraft:dirt":26,"minecraft:stone_bricks":1,"minecraft:gold_ore":2,"minecraft:mossy_stone_bricks":4,"minecraft:oak_leaves":7,"minecraft:fern":9}},"DataVersion":3120}