{"stats":{"minecraft:crafted":{"minecraft:crafting_table":2,"minecraft:spruce_planks":36,"minecraft:stick":16,"minecraft:stone_pickaxe":1,"minecraft:wooden_pickaxe":1,"minecraft:wooden_axe":1,"minecraft:furnace":1,"minecraft:cooked_salmon":1,"minecraft:air":0},"minecraft:used":{"minecraft:wooden_axe":29,"minecraft:spruce_planks":3,"minecraft:wooden_pickaxe":16,"minecraft:cooked_salmon":1,"minecraft:dirt":3,"minecraft:crafting_table":3,"minecraft:furnace":1},"minecraft:killed_by":{"minecraft:zombie_villager":1},"minecraft:custom":{"minecraft:time_since_rest":12080,"minecraft:interact_with_furnace":2,"minecraft:sprint_one_cm":15284,"minecraft:damage_taken":480,"minecraft:walk_one_cm":19695,"minecraft:mob_kills":4,"minecraft:drop":1,"minecraft:damage_dealt":287,"minecraft:swim_one_cm":9653,"minecraft:interact_with_crafting_table":4,"minecraft:fly_one_cm":5485,"minecraft:crouch_one_cm":30,"minecraft:play_time":16065,"minecraft:deaths":1,"minecraft:sneak_time":81,"minecraft:walk_under_water_one_cm":3277,"minecraft:jump":84,"minecraft:leave_game":2,"minecraft:time_since_death":11922,"minecraft:walk_on_water_one_cm":1560,"minecraft:total_world_time":16065,"minecraft:fall_one_cm":2920},"minecraft:picked_up":{"minecraft:crafting_table":2,"minecraft:salmon":3,"minecraft:brown_mushroom":5,"minecraft:spruce_sapling":2,"minecraft:spruce_log":27,"minecraft:dirt":11,"minecraft:spruce_planks":1,"minecraft:cobblestone":14},"minecraft:dropped":{"gravestone:obituary":1},"minecraft:killed":{"minecraft:zombie_villager":1,"minecraft:salmon":3},"minecraft:mined":{"minecraft:podzol":1,"minecraft:spruce_planks":1,"minecraft:brown_mushroom":7,"minecraft:spruce_log":28,"minecraft:crafting_table":2,"gravestone:gravestone":1,"minecraft:dead_bush":1,"minecraft:dirt":10,"minecraft:spruce_leaves":24,"minecraft:stone":15}},"DataVersion":3120}